candidate_id,rank,score,reasoning
CAND_0062247,1,0.8549,"The candidate has a strong background in production ML/AI experience, relevant skills in embeddings, vector search, and ranking systems, and a suitable industry background, making them an excellent ma"
CAND_0078492,2,0.8427,"The candidate has a strong background in production ML/AI experience, relevant skills in embeddings, vector search, and ranking systems, and a suitable industry background, making them an excellent ma"
CAND_0086022,3,0.8394,"The candidate has a strong background in production ML systems, relevant experience with embeddings, vector search, and ranking systems, and a suitable skill set, making them an excellent match for th"
CAND_0055992,4,0.8368,"The candidate has a strong background in production ML/AI experience, relevant skills in embeddings, vector search, and ranking systems, and a suitable industry background, making them an excellent ma"
CAND_0079387,5,0.8364,"The candidate has a strong background in production ML/AI experience, relevant skills in embeddings, vector search, and ranking systems, and a suitable industry background, making them an excellent ma"
CAND_0068811,6,0.8344,"The candidate has 8 years of production ML experience, strong background in NLP and recommendation systems, and expertise in embeddings, vector search, and relevant technologies like Pinecone, making "
CAND_0050454,7,0.8334,"The candidate has a strong background in production ML/AI experience, relevant skills in embeddings, vector search, and ranking systems, and a solid academic foundation, making them an excellent match"
CAND_0002025,8,0.8307,"The candidate has a strong background in building production ML systems, particularly in search and ranking, with relevant experience and skills, including FAISS, Pinecone, and Python, making them an "
CAND_0011687,9,0.83,"The candidate has a strong background in production ML/AI, relevant experience with embeddings, vector search, and ranking systems, and proficiency in required skills like FAISS and Python, making the"
CAND_0098846,10,0.8293,"The candidate has a strong background in production ML/AI experience, relevant skills in NLP, recommendation systems, and applied AI, and a Ph.D. in Machine Learning, making them an excellent match fo"
CAND_0024620,11,0.8205,"The candidate has a strong background in production ML/AI experience, relevant skills in embeddings, vector search, and ranking systems, and a suitable industry experience, making them an excellent ma"
CAND_0081852,12,0.8186,"The candidate has a strong background in production ML/AI experience, relevant skills in embeddings, vector search, and ranking systems, and a suitable industry background, making them an excellent ma"
CAND_0069905,13,0.8183,"The candidate has a strong background in production ML/AI experience, relevant skills in embeddings, vector search, and ranking systems, and a suitable industry background, making them an excellent ma"
CAND_0091534,14,0.8179,"The candidate has a strong background in production ML/AI experience, relevant skills in embeddings and vector search, and a suitable industry experience, making them an excellent match for the Senior"
CAND_0044222,15,0.8176,"The candidate has a strong background in production ML/AI experience, relevant skills in embeddings, vector search, and ranking systems, and a suitable industry background, making them an excellent ma"
CAND_0071974,16,0.817,"The candidate has extensive production ML experience at top product companies like Netflix and Meta, with expertise in embeddings, vector search, and ranking systems, making them a highly suitable fit"
CAND_0051615,17,0.8155,"The candidate has a strong background in production ML/AI experience, relevant skills in vector search and NLP, and a suitable industry background, making them an excellent match for the Senior AI Eng"
CAND_0010257,18,0.8144,"The candidate has a strong background in production ML/AI experience, relevant skills in embeddings and vector search, and a Ph.D. in Computer Science, making them an excellent match for the Senior AI"
CAND_0099806,19,0.8139,"The candidate has a strong background in ML and NLP, relevant experience with embeddings and FAISS, and a production-focused experience, but falls slightly short of the 5-year experience requirement."
CAND_0015578,20,0.8128,"The candidate has a strong background in production ML/AI experience, relevant skills in embeddings, vector search, and ranking systems, and a suitable industry background, making them an excellent ma"
CAND_0009024,21,0.8118,"The candidate has a strong background in production ML/AI experience, relevant skills in embeddings and vector search with FAISS, and a solid education and work experience at top companies like Google"
CAND_0053591,22,0.8108,"The candidate has a strong background in production ML/AI experience, relevant skills in embeddings, vector search, and ranking systems, and meets all key requirements with a notable experience in bui"
CAND_0009691,23,0.8091,"The candidate has a strong background in production ML/AI experience, relevant skills in embeddings, vector search, and ranking systems, and a suitable industry experience at product companies like Li"
CAND_0065195,24,0.8089,"The candidate has a strong background in production ML/AI experience, relevant skills in embeddings, vector search, and ranking systems, and a suitable industry experience, making them an excellent ma"
CAND_0028793,25,0.8058,"The candidate has a strong background in production ML/AI experience, relevant skills in embeddings, NLP, and evaluation frameworks, and a notable work history at top product companies like Google and"
CAND_0055905,26,0.8055,"The candidate has a strong background in production ML/AI experience, expertise in embeddings, vector search, and ranking systems, and relevant technical skills, making them an excellent fit for the S"
CAND_0087630,27,0.8012,"The candidate has a strong background in production ML/AI experience, relevant skills in embeddings, vector search, and ranking systems, and a suitable industry experience in product companies, making"
CAND_0030031,28,0.7998,"The candidate has a strong background in production ML/AI experience, relevant skills in embeddings, vector search, and ranking systems, and a solid industry experience at top product companies like M"
CAND_0060054,29,0.7994,"The candidate has a strong background in production ML/AI experience, relevant skills in embeddings and vector search with FAISS, and a solid experience in recommendation systems, making them an excel"
CAND_0088025,30,0.7986,"The candidate has 8.6 years of experience in building production ML systems with a focus on search, retrieval, and ranking, and their skills and experience align extremely well with the key requiremen"
CAND_0013536,31,0.7965,"The candidate has a strong background in production ML/AI experience, embeddings, vector search, and ranking systems, with relevant skills in Python, FAISS, Pinecone, and evaluation frameworks, making"
CAND_0049538,32,0.7957,"The candidate has a strong background in production ML/AI experience, relevant skills in embeddings, vector search, and ranking systems, and a suitable industry experience of 5.8 years, making them an"
CAND_0074735,33,0.7946,"The candidate has a strong background in production ML/AI experience, relevant skills in embeddings, vector search, and ranking systems, and a suitable industry background, making them an excellent ma"
CAND_0064904,34,0.7932,"The candidate has a strong background in production ML/AI experience, relevant skills in embeddings, vector search, and ranking systems, and a suitable industry background, making them an excellent ma"
CAND_0029367,35,0.7927,"The candidate has a strong background in production ML/AI experience, relevant skills in embeddings, vector search, and ranking systems, and a suitable industry experience, making them an excellent ma"
CAND_0079064,36,0.7884,"The candidate has a strong background in ML, NLP, and recommendation systems, with production experience and relevant skills like Pinecone, making them a highly suitable fit for the Senior AI Engineer"
CAND_0050876,37,0.7868,"The candidate has a strong background in production ML/AI experience, relevant skills in embeddings and vector search with FAISS, and a solid educational foundation, making them an excellent match for"
CAND_0070485,38,0.7849,"The candidate has a strong background in ML, NLP, and recommendation systems, with 6.4 years of production experience, and relevant skills including FAISS, making them a truly excellent match for the "
CAND_0081686,39,0.7819,"The candidate has a strong background in production ML/AI experience, relevant skills in embeddings, FAISS, and ranking systems, and a solid 6 years of experience in top product companies like Netflix"
CAND_0036437,40,0.7778,"The candidate has a strong background in ML and NLP, relevant experience in production ML environments, and skills in vector search and evaluation frameworks, but falls slightly short of the 5-year ex"
CAND_0044890,41,0.7769,"The candidate has relevant experience in machine learning and AI, with skills in FAISS and recommendation systems, but lacks deep learning experience and production ML/AI experience at a product compa"
CAND_0068351,42,0.7764,"The candidate has a strong background in production ML/AI experience, relevant skills in embeddings, vector search, and ranking systems, and a preference for shipping real systems, making them an exce"
CAND_0030953,43,0.7719,"The candidate has a strong background in production ML/AI experience, relevant skills in embeddings, vector search, and ranking systems, and a suitable industry experience, making them an excellent ma"
CAND_0045250,44,0.7706,"The candidate has a strong background in production ML/AI experience, relevant skills in embeddings, vector search, and ranking systems, and a Ph.D. in Artificial Intelligence, making them an excellen"
CAND_0042506,45,0.7689,"The candidate has strong production ML experience, relevant skills in embeddings and vector search with FAISS, and a suitable background in NLP and applied AI, but falls slightly short of the desired "
CAND_0093331,46,0.7647,"The candidate has a strong background in NLP, embeddings, and production ML experience, but their current industry is AI services which may not fully align with the product company requirement."
CAND_0060257,47,0.7594,"The candidate has relevant experience in machine learning and recommendation systems, with skills in vector search and Python, but lacks deep learning experience and FAISS/Pinecone expertise, making t"
CAND_0002793,48,0.7495,"The candidate has relevant experience in applied machine learning, meets the experience requirement, and has skills in key areas like Learning to Rank, FAISS, and MLOps, but lacks deep experience in e"
CAND_0007411,49,0.7468,"The candidate has 8 years of experience in building production ML systems with a focus on search, retrieval, and ranking, and their skills and experience align extremely well with the key requirements"
CAND_0064270,50,0.7424,"The candidate has a strong background in production ML experience, relevant skills in embeddings, vector search, and ranking systems, but falls slightly short of the required 5-9 years of experience w"
CAND_0007460,51,0.7415,"The candidate has a strong background in production ML/AI experience, relevant skills in embeddings and recommendation systems, and a suitable industry background, but falls slightly short of the desi"
CAND_0089444,52,0.7337,"The candidate has relevant experience in applied machine learning and some matching skills, but falls slightly short of the required 5-9 years of experience and has limited deep learning experience."
CAND_0017590,53,0.7164,"The candidate has relevant experience and skills, including FAISS and NLP, but lacks strong production ML experience at a product company and has a mixed background in analytics and ML engineering."
CAND_0065396,54,0.709,"The candidate has relevant experience in production ML, familiarity with FAISS, and a strong background in machine learning, but lacks explicit experience with vector search, ranking systems, and eval"
CAND_0039521,55,0.708,"The candidate has relevant production ML experience, strong background in NLP and recommendation systems, and skills in embeddings, but falls slightly short due to less than 5 years of experience."
CAND_0022274,56,0.6961,"The candidate has relevant experience in applied machine learning and some matching skills, but falls short of the required 5-9 years of experience and lacks explicit production ML/AI experience with "
CAND_0040310,57,0.6888,"The candidate has relevant experience in applied machine learning and production ML models, but falls short of the required 5-9 years of experience and lacks explicit mention of embeddings, vector sea"
CAND_0023076,58,0.6642,"The candidate has relevant experience in production ML models, vector search, and some desired skills, but falls short of the required 5-9 years of experience and lacks depth in engineering and infra "
CAND_0098080,59,0.4458,"The candidate lacks production ML/AI experience at product companies and relevant technical skills in embeddings, vector search, and ranking systems, despite having a Ph.D in Data Science."
CAND_0048589,60,0.4272,"The candidate lacks production ML/AI experience, relevant technical skills, and a background in AI engineering, making them a poor fit for the Senior AI Engineer role."
CAND_0032507,61,0.427,"The candidate lacks production ML/AI experience at product companies and relevant technical skills in embeddings, vector search, and ranking systems, despite having a strong educational background in "
CAND_0014257,62,0.4152,"The candidate lacks production ML/AI experience at product companies and has a non-technical background, despite having some relevant skills and interests."
CAND_0092783,63,0.4105,"The candidate lacks production ML/AI experience, relevant technical skills, and a background in AI engineering, making them a poor fit for the Senior AI Engineer role."
CAND_0015466,64,0.4093,"The candidate lacks production ML/AI experience, relevant technical skills, and a background in product companies, making them a poor fit for the Senior AI Engineer role."
CAND_0029546,65,0.4083,"The candidate lacks production ML/AI experience at product companies and has a non-technical background, despite having relevant skills and education."
CAND_0094460,66,0.4034,"The candidate lacks production ML/AI experience at product companies and has a sales background, making them a poor fit for the Senior AI Engineer role."
CAND_0061537,67,0.4006,"The candidate lacks production ML/AI experience at product companies and relevant technical skills in embeddings, vector search, and ranking systems, despite having a Ph.D in Machine Learning."
CAND_0006490,68,0.4002,"The candidate lacks production ML/AI experience, relevant technical skills, and a background in AI engineering, making them a poor fit for the Senior AI Engineer role."
CAND_0020067,69,0.3967,"The candidate lacks production ML/AI experience, relevant technical skills, and a background in product companies, making them a poor fit for the Senior AI Engineer role."
CAND_0013984,70,0.3964,"The candidate lacks production ML/AI experience and relevant technical skills in embeddings, vector search, and ranking systems, despite having a strong educational background in computer science and "
CAND_0083404,71,0.3962,"The candidate lacks production ML/AI experience at product companies and relevant technical skills in embeddings, vector search, and ranking systems, despite having an MS in Artificial Intelligence."
CAND_0071037,72,0.3954,"The candidate lacks production ML/AI experience, relevant technical skills, and has a non-technical background, making them a poor fit for the Senior AI Engineer role."
CAND_0003468,73,0.3943,"The candidate lacks production ML/AI experience, relevant technical skills, and a background in product companies, making them a poor fit for the Senior AI Engineer role."
CAND_0076820,74,0.3907,"The candidate lacks production ML/AI experience, relevant technical skills, and a background in AI engineering, making them a poor fit for the Senior AI Engineer role."
CAND_0079359,75,0.3835,"The candidate lacks production ML/AI experience at product companies and relevant technical skills in embeddings, vector search, and ranking systems, despite having a strong educational background in "
CAND_0005044,76,0.3796,"The candidate lacks production ML/AI experience, relevant technical skills, and a background in product companies, making them a poor fit for the Senior AI Engineer role."
CAND_0089902,77,0.3793,"The candidate lacks production ML/AI experience at product companies and has a non-technical background as a Project Manager, despite having relevant skills and interests in AI and ML."
CAND_0008433,78,0.3523,"The candidate lacks production ML/AI experience, relevant technical skills, and a background in AI engineering, making them a poor fit for the Senior AI Engineer role."
CAND_0040593,79,0.3495,"The candidate lacks production ML/AI experience and relevant technical skills, having a background in marketing management with no direct experience in AI engineering."
CAND_0063254,80,0.3479,"The candidate lacks production ML/AI experience, relevant technical skills, and a background in AI engineering, making them a poor fit for the Senior AI Engineer role."
CAND_0063918,81,0.344,"The candidate lacks production ML/AI experience, relevant technical skills, and a background in product companies, making them a poor fit for the Senior AI Engineer role."
CAND_0087326,82,0.3409,"The candidate lacks production ML/AI experience, relevant technical skills, and a background in AI engineering, making them a poor fit for the Senior AI Engineer role."
CAND_0025706,83,0.3378,"The candidate lacks production ML/AI experience, relevant technical skills, and a background in product companies, making them a poor fit for the Senior AI Engineer role."
CAND_0080591,84,0.3371,"The candidate lacks production ML/AI experience, relevant technical skills, and a background in AI engineering, making them a poor fit for the Senior AI Engineer role."
CAND_0098197,85,0.3364,"The candidate lacks production ML/AI experience, relevant technical skills, and a background in AI engineering, making them a poor fit for the Senior AI Engineer role."
CAND_0086971,86,0.3333,"The candidate lacks production ML/AI experience, relevant technical skills, and a background in product companies, making them a poor fit for the Senior AI Engineer role."
CAND_0013880,87,0.3279,"The candidate lacks production ML/AI experience, relevant technical skills, and a background in product companies, making them a poor fit for the Senior AI Engineer role."
CAND_0083165,88,0.3274,"The candidate lacks production ML/AI experience, relevant technical skills, and a background in AI engineering, making them a poor fit for the Senior AI Engineer role."
CAND_0078690,89,0.3272,"The candidate lacks production ML/AI experience, relevant technical skills, and a background in AI engineering, making them a poor fit for the Senior AI Engineer role."
CAND_0067578,90,0.3244,"The candidate lacks production ML/AI experience, relevant technical skills, and a background in AI engineering, making them a poor fit for the Senior AI Engineer role."
CAND_0091135,91,0.3232,"The candidate lacks production ML/AI experience at product companies and relevant technical skills in embeddings, vector search, and ranking systems, despite having a Ph.D in Artificial Intelligence."
CAND_0059154,92,0.3221,"The candidate lacks production ML/AI experience, relevant technical skills, and has a non-technical background in HR management, making them a poor fit for the Senior AI Engineer role."
CAND_0041271,93,0.3205,"The candidate lacks production ML/AI experience, relevant technical skills, and a background in AI engineering, making them a poor fit for the Senior AI Engineer role."
CAND_0097708,94,0.3203,"The candidate lacks production ML/AI experience, relevant technical skills, and a background in AI engineering, making them a poor fit for the Senior AI Engineer role."
CAND_0069172,95,0.3199,"The candidate lacks production ML/AI experience, relevant technical skills, and a background in AI engineering, making them a poor fit for the Senior AI Engineer role."
CAND_0002325,96,0.3167,"The candidate lacks production ML/AI experience, relevant technical skills, and a background in AI engineering, with their experience being primarily in sales and marketing."
CAND_0042259,97,0.316,"The candidate lacks production ML/AI experience, relevant technical skills, and a background in product companies, making them a poor fit for the Senior AI Engineer role."
CAND_0076560,98,0.3154,"The candidate lacks production ML/AI experience, relevant technical skills, and a background in product companies, making them a poor fit for the Senior AI Engineer role."
CAND_0063035,99,0.3153,"The candidate lacks production ML/AI experience at product companies and relevant technical skills in embeddings, vector search, ranking systems, and Python, making them a poor fit for the Senior AI E"
CAND_0038428,100,0.3145,"The candidate lacks production ML/AI experience, relevant technical skills, and a background in AI engineering, making them a poor fit for the Senior AI Engineer role."
